IV,bIVW,sebIVW,CochQ,CochQp,bEGGER,sebEGGER,intEGGER,seintEGGER,bWM,sebWM,bPWM,sebPWM
LIF.R.CAD,-0.187108747862772,0.0499294824015191,2.11567455768562,0.953161370204337,-0.184393597486146,0.0600914433008003,0.000990596664202579,0.00970487755460422,-0.246784929781728,0.0450724076726687,-0.248424625349753,0.0442181371588351
LIF.R.FEV1,0.0445776574911339,0.0123840529865735,0.481544686573246,0.999884414697853,0.0486759033673241,0.0149446698235692,0.00133970579817468,0.00243206523764461,0.0624036548808439,0.012201167561253,0.0551812629439606,0.0131219486745651
